{
    "$schema": "https://schema.management.azure.com/schemas/2015-01-01/deploymentParameters.json#",
    "contentVersion": "1.0.0.0",
    "parameters": {
        "subscriptionId": {
            "value": "afbba8f8-3caa-43d6-abcf-300c6bc973ec"
        },
        "resourceGroupName": {
            "value": "testgroupregression"
        },
        "name": {
            "value": "studentperformance1"
        },
        "location": {
            "value": "East US"
        },
        "hostingPlanName": {
            "value": "newname"
        },
        "serverFarmResourceGroup": {
            "value": "testgroupregression"
        },
        "alwaysOn": {
            "value": false
        },
        "ftpsState": {
            "value": "FtpsOnly"
        },
        "autoGeneratedDomainNameLabelScope": {
            "value": "TenantReuse"
        },
        "sku": {
            "value": "Basic"
        },
        "skuCode": {
            "value": "B1"
        },
        "numberOfWorkers": {
            "value": "1"
        },
        "workerSize": {
            "value": "0"
        },
        "workerSizeId": {
            "value": "0"
        },
        "linuxFxVersion": {
            "value": "PYTHON|3.8"
        },
        "repoUrl": {
            "value": "https://github.com/SacSresta/mlproject"
        },
        "branch": {
            "value": "main"
        },
        "oidcUserIdentityName": {
            "value": "studentperforman-id-ab1f"
        }
    }
}