{
    "$schema": "http://schema.management.azure.com/schemas/2015-01-01/deploymentTemplate.json#",
    "contentVersion": "1.0.0.0",
    "parameters": {
        "subscriptionId": {
            "type": "string"
        },
        "resourceGroupName": {
            "type": "string"
        },
        "name": {
            "type": "string"
        },
        "location": {
            "type": "string"
        },
        "hostingPlanName": {
            "type": "string"
        },
        "serverFarmResourceGroup": {
            "type": "string"
        },
        "alwaysOn": {
            "type": "bool"
        },
        "ftpsState": {
            "type": "string"
        },
        "autoGeneratedDomainNameLabelScope": {
            "type": "string"
        },
        "sku": {
            "type": "string"
        },
        "skuCode": {
            "type": "string"
        },
        "workerSize": {
            "type": "string"
        },
        "workerSizeId": {
            "type": "string"
        },
        "numberOfWorkers": {
            "type": "string"
        },
        "linuxFxVersion": {
            "type": "string"
        },
        "repoUrl": {
            "type": "string"
        },
        "branch": {
            "type": "string"
        },
        "oidcUserIdentityName": {
            "type": "string"
        }
    },
    "variables": {},
    "resources": [
        {
            "apiVersion": "2022-03-01",
            "name": "[parameters('name')]",
            "type": "Microsoft.Web/sites",
            "location": "[parameters('location')]",
            "tags": {},
            "dependsOn": [
                "[concat('Microsoft.Web/serverfarms/', parameters('hostingPlanName'))]"
            ],
            "properties": {
                "name": "[parameters('name')]",
                "siteConfig": {
                    "appSettings": [
                        {
                            "name": "SCM_DO_BUILD_DURING_DEPLOYMENT",
                            "value": "1"
                        }
                    ],
                    "linuxFxVersion": "[parameters('linuxFxVersion')]",
                    "alwaysOn": "[parameters('alwaysOn')]",
                    "ftpsState": "[parameters('ftpsState')]"
                },
                "serverFarmId": "[concat('/subscriptions/', parameters('subscriptionId'),'/resourcegroups/', parameters('serverFarmResourceGroup'), '/providers/Microsoft.Web/serverfarms/', parameters('hostingPlanName'))]",
                "clientAffinityEnabled": false,
                "virtualNetworkSubnetId": null,
                "httpsOnly": true,
                "publicNetworkAccess": "Enabled",
                "autoGeneratedDomainNameLabelScope": "[parameters('autoGeneratedDomainNameLabelScope')]"
            },
            "resources": [
                {
                    "type": "Microsoft.Web/sites/basicPublishingCredentialsPolicies",
                    "apiVersion": "2022-09-01",
                    "name": "[concat(parameters('name'), '/scm')]",
                    "properties": {
                        "allow": false
                    },
                    "dependsOn": [
                        "[resourceId('Microsoft.Web/Sites', parameters('name'))]"
                    ]
                },
                {
                    "type": "Microsoft.Web/sites/basicPublishingCredentialsPolicies",
                    "apiVersion": "2022-09-01",
                    "name": "[concat(parameters('name'), '/ftp')]",
                    "properties": {
                        "allow": false
                    },
                    "dependsOn": [
                        "[resourceId('Microsoft.Web/Sites', parameters('name'))]"
                    ]
                },
                {
                    "type": "sourcecontrols",
                    "name": "web",
                    "apiVersion": "2020-12-01",
                    "properties": {
                        "RepoUrl": "[parameters('repoUrl')]",
                        "branch": "[parameters('branch')]",
                        "IsManualIntegration": false,
                        "deploymentRollbackEnabled": false,
                        "isMercurial": false,
                        "isGitHubAction": true,
                        "gitHubActionConfiguration": {
                            "generateWorkflowFile": true,
                            "workflowSettings": {
                                "appType": "webapp",
                                "authType": "oidc",
                                "publishType": "code",
                                "os": "linux",
                                "runtimeStack": "python",
                                "workflowApiVersion": "2022-10-01",
                                "slotName": "production",
                                "variables": {
                                    "runtimeVersion": "3.8",
                                    "resourceGroup": "testgroupregression",
                                    "clientId": "[reference(resourceId('Microsoft.ManagedIdentity/userAssignedIdentities', parameters('oidcUserIdentityName')), '2018-11-30').clientId]",
                                    "tenantId": "[reference(resourceId('Microsoft.ManagedIdentity/userAssignedIdentities', parameters('oidcUserIdentityName')), '2018-11-30').tenantId]"
                                }
                            }
                        }
                    },
                    "dependsOn": [
                        "[resourceId('Microsoft.Web/Sites', parameters('name'))]",
                        "[resourceId('Microsoft.ManagedIdentity/userAssignedIdentities', parameters('oidcUserIdentityName'))]"
                    ]
                }
            ]
        },
        {
            "apiVersion": "2018-11-30",
            "name": "[parameters('oidcUserIdentityName')]",
            "type": "Microsoft.ManagedIdentity/userAssignedIdentities",
            "location": "[parameters('location')]",
            "dependsOn": [
                "[resourceId('Microsoft.Web/Sites', parameters('name'))]"
            ],
            "properties": {},
            "resources": [
                {
                    "apiVersion": "2022-01-31-preview",
                    "name": "[uniqueString(resourceGroup().id)]",
                    "type": "federatedIdentityCredentials",
                    "dependsOn": [
                        "[resourceId('Microsoft.ManagedIdentity/userAssignedIdentities', parameters('oidcUserIdentityName'))]"
                    ],
                    "properties": {
                        "audiences": [
                            "api://AzureADTokenExchange"
                        ],
                        "issuer": "https://token.actions.githubusercontent.com",
                        "subject": "repo:SacSresta/mlproject:environment:production"
                    }
                }
            ]
        },
        {
            "apiVersion": "2022-04-01",
            "name": "[guid(resourceGroup().id, deployment().name)]",
            "type": "Microsoft.Authorization/roleAssignments",
            "dependsOn": [
                "[resourceId('Microsoft.Web/Sites', parameters('name'))]",
                "[resourceId('Microsoft.ManagedIdentity/userAssignedIdentities', parameters('oidcUserIdentityName'))]"
            ],
            "scope": "[concat('Microsoft.web/sites/', parameters('name'))]",
            "properties": {
                "roleDefinitionId": "[concat('/subscriptions/', subscription().subscriptionId, '/providers/Microsoft.Authorization/roleDefinitions/de139f84-1756-47ae-9be6-808fbbe84772')]",
                "principalId": "[reference(resourceId('Microsoft.ManagedIdentity/userAssignedIdentities', parameters('oidcUserIdentityName')), '2018-11-30').principalId]",
                "principalType": "ServicePrincipal"
            }
        },
        {
            "apiVersion": "2018-11-01",
            "name": "[parameters('hostingPlanName')]",
            "type": "Microsoft.Web/serverfarms",
            "location": "[parameters('location')]",
            "kind": "linux",
            "tags": {},
            "dependsOn": [],
            "properties": {
                "name": "[parameters('hostingPlanName')]",
                "workerSize": "[parameters('workerSize')]",
                "workerSizeId": "[parameters('workerSizeId')]",
                "numberOfWorkers": "[parameters('numberOfWorkers')]",
                "reserved": true,
                "zoneRedundant": false
            },
            "sku": {
                "Tier": "[parameters('sku')]",
                "Name": "[parameters('skuCode')]"
            }
        }
    ]
}